{
  "('Costa', '1')": {
    "lo": {
      "('diurnal', 'low')": -1.369875496947108,
      "('diurnal', 'high')": -1.3805602732880866,
      "('nocturnal', 'low')": -0.995287797521617,
      "('nocturnal', 'high')": -0.8271372727187435
    },
    "hi": {
      "('diurnal', 'low')": 1.2370254559718485,
      "('diurnal', 'high')": 1.7851071966295624,
      "('nocturnal', 'low')": 1.1878237193827543,
      "('nocturnal', 'high')": 1.6337707934688068
    }
  },
  "('Costa', '2')": {
    "lo": {
      "('diurnal', 'low')": -0.8683571500401318,
      "('diurnal', 'high')": -0.835008114091709,
      "('nocturnal', 'low')": -0.7226890084198891,
      "('nocturnal', 'high')": -0.8503999861218609
    },
    "hi": {
      "('diurnal', 'low')": 1.4020331276797988,
      "('diurnal', 'high')": 2.0358817542145613,
      "('nocturnal', 'low')": 1.2343918502571545,
      "('nocturnal', 'high')": 1.484600786055402
    }
  },
  "('Costa', '3')": {
    "lo": {
      "('diurnal', 'low')": -0.8891115267011,
      "('diurnal', 'high')": -1.02722879524858,
      "('nocturnal', 'low')": -0.7941083538118122,
      "('nocturnal', 'high')": -0.8390210230261963
    },
    "hi": {
      "('diurnal', 'low')": 1.5275458762706848,
      "('diurnal', 'high')": 1.9844115841725776,
      "('nocturnal', 'low')": 1.2263190811877165,
      "('nocturnal', 'high')": 1.4017042279502756
    }
  },
  "('Costa', '5')": {
    "lo": {
      "('diurnal', 'low')": -0.9472380567477244,
      "('diurnal', 'high')": -0.8674650169922535,
      "('nocturnal', 'low')": -0.8083828704108666,
      "('nocturnal', 'high')": -0.7549347394807695
    },
    "hi": {
      "('diurnal', 'low')": 1.3530201848661858,
      "('diurnal', 'high')": 2.0887691067826286,
      "('nocturnal', 'low')": 1.1240039831490658,
      "('nocturnal', 'high')": 1.479019750935262
    }
  },
  "('Valle', '1')": {
    "lo": {
      "('diurnal', 'low')": -1.8240795251511066,
      "('diurnal', 'high')": -2.142895864242709,
      "('nocturnal', 'low')": -1.8641137883455658,
      "('nocturnal', 'high')": -2.07018414357427
    },
    "hi": {
      "('diurnal', 'low')": 0.9286585685777156,
      "('diurnal', 'high')": 1.1835442432897305,
      "('nocturnal', 'low')": 0.5600234029157005,
      "('nocturnal', 'high')": 0.7562267833468734
    }
  },
  "('Valle', '2')": {
    "lo": {
      "('diurnal', 'low')": -1.1541899136220466,
      "('diurnal', 'high')": -1.2534904116364303,
      "('nocturnal', 'low')": -1.1147048658500407,
      "('nocturnal', 'high')": -1.2530621475349162
    },
    "hi": {
      "('diurnal', 'low')": 1.1583688080483996,
      "('diurnal', 'high')": 1.6139286952750078,
      "('nocturnal', 'low')": 0.9262624136687159,
      "('nocturnal', 'high')": 1.075264264923757
    }
  },
  "('Valle', '3')": {
    "lo": {
      "('diurnal', 'low')": -1.2791886760680051,
      "('diurnal', 'high')": -1.644745975441729,
      "('nocturnal', 'low')": -0.9512987629304045,
      "('nocturnal', 'high')": -1.2319773797633595
    },
    "hi": {
      "('diurnal', 'low')": 1.3090044541582235,
      "('diurnal', 'high')": 1.6896461315457159,
      "('nocturnal', 'low')": 1.2285371840240917,
      "('nocturnal', 'high')": 1.2577028638215206
    }
  },
  "('Valle', '4')": {
    "lo": {
      "('diurnal', 'low')": -1.53594351220991,
      "('diurnal', 'high')": -1.4625217564766464,
      "('nocturnal', 'low')": -1.5697470782935103,
      "('nocturnal', 'high')": -1.5061619726380482
    },
    "hi": {
      "('diurnal', 'low')": 0.7889606076277266,
      "('diurnal', 'high')": 1.4690933149408734,
      "('nocturnal', 'low')": 0.3833099551566068,
      "('nocturnal', 'high')": 0.7762413426233299
    }
  },
  "('Valle', '5')": {
    "lo": {
      "('diurnal', 'low')": -0.9292892033873604,
      "('diurnal', 'high')": -1.1349738283777884,
      "('nocturnal', 'low')": -0.8300216173722258,
      "('nocturnal', 'high')": -1.2090135034513891
    },
    "hi": {
      "('diurnal', 'low')": 1.403718714504845,
      "('diurnal', 'high')": 1.7946042204871362,
      "('nocturnal', 'low')": 1.095345783270755,
      "('nocturnal', 'high')": 1.231535845399231
    }
  },
  "('Cordillera', '1')": {
    "lo": {
      "('diurnal', 'low')": -1.1401314270618217,
      "('diurnal', 'high')": -1.124515574339227,
      "('nocturnal', 'low')": -1.1065125710013117,
      "('nocturnal', 'high')": -0.9337127366862106
    },
    "hi": {
      "('diurnal', 'low')": 1.1390070872003293,
      "('diurnal', 'high')": 1.7898702170158085,
      "('nocturnal', 'low')": 0.8127212185937656,
      "('nocturnal', 'high')": 1.3159842128868866
    }
  },
  "('Cordillera', '2')": {
    "lo": {
      "('diurnal', 'low')": -0.7028515473078812,
      "('diurnal', 'high')": -0.732131155521902,
      "('nocturnal', 'low')": -0.7335914035092759,
      "('nocturnal', 'high')": -0.704023229881984
    },
    "hi": {
      "('diurnal', 'low')": 1.5840041043633897,
      "('diurnal', 'high')": 2.120141604043502,
      "('nocturnal', 'low')": 1.1794553315022243,
      "('nocturnal', 'high')": 1.521214163329304
    }
  }
}