{
  "('Costa', '1')": {
    "lo": {
      "('diurnal', 'low')": -1.606917638407416,
      "('diurnal', 'high')": -1.4653669915509546,
      "('nocturnal', 'low')": -1.1835664772263212,
      "('nocturnal', 'high')": -0.9134407566767664
    },
    "hi": {
      "('diurnal', 'low')": 1.0818484748398844,
      "('diurnal', 'high')": 1.6909005865319324,
      "('nocturnal', 'low')": 1.262900264524952,
      "('nocturnal', 'high')": 1.497673031764843
    }
  },
  "('Costa', '2')": {
    "lo": {
      "('diurnal', 'low')": -0.9727882994983061,
      "('diurnal', 'high')": -0.9200365962650869,
      "('nocturnal', 'low')": -0.810117403178046,
      "('nocturnal', 'high')": -1.0203369503962765
    },
    "hi": {
      "('diurnal', 'low')": 1.3685773040408384,
      "('diurnal', 'high')": 1.998513378786717,
      "('nocturnal', 'low')": 1.375754526791836,
      "('nocturnal', 'high')": 1.4102094129300649
    }
  },
  "('Costa', '3')": {
    "lo": {
      "('diurnal', 'low')": -0.9419610814967715,
      "('diurnal', 'high')": -1.0526889694859793,
      "('nocturnal', 'low')": -0.8325284381162095,
      "('nocturnal', 'high')": -0.8582540912434541
    },
    "hi": {
      "('diurnal', 'low')": 1.5463782265027666,
      "('diurnal', 'high')": 1.9739785118689697,
      "('nocturnal', 'low')": 1.2503217716295016,
      "('nocturnal', 'high')": 1.4338548051914604
    }
  },
  "('Costa', '5')": {
    "lo": {
      "('diurnal', 'low')": -0.9472380567477244,
      "('diurnal', 'high')": -0.8674650169922535,
      "('nocturnal', 'low')": -0.8083828704108666,
      "('nocturnal', 'high')": -0.7549347394807695
    },
    "hi": {
      "('diurnal', 'low')": 1.3530201848661858,
      "('diurnal', 'high')": 2.0887691067826286,
      "('nocturnal', 'low')": 1.1240039831490658,
      "('nocturnal', 'high')": 1.479019750935262
    }
  },
  "('Valle', '1')": {
    "lo": {
      "('diurnal', 'low')": -1.6639544246173399,
      "('diurnal', 'high')": -1.9551303018040085,
      "('nocturnal', 'low')": -1.5100162086325712,
      "('nocturnal', 'high')": -1.7490753390206144
    },
    "hi": {
      "('diurnal', 'low')": 0.9741430822679561,
      "('diurnal', 'high')": 1.1424629814881095,
      "('nocturnal', 'low')": 0.6699249773703226,
      "('nocturnal', 'high')": 0.725000745085894
    }
  },
  "('Valle', '2')": {
    "lo": {
      "('diurnal', 'low')": -1.3338451012551595,
      "('diurnal', 'high')": -1.385083931241824,
      "('nocturnal', 'low')": -1.1386816894100407,
      "('nocturnal', 'high')": -1.480511278751158
    },
    "hi": {
      "('diurnal', 'low')": 1.205663066803565,
      "('diurnal', 'high')": 1.6061451793149955,
      "('nocturnal', 'low')": 0.9916018447964685,
      "('nocturnal', 'high')": 1.029998865340805
    }
  },
  "('Valle', '3')": {
    "lo": {
      "('diurnal', 'low')": -2.3669778096886627,
      "('diurnal', 'high')": -2.4469330485208767,
      "('nocturnal', 'low')": -1.965147839386789,
      "('nocturnal', 'high')": -2.0352138689788144
    },
    "hi": {
      "('diurnal', 'low')": 1.2002807365021484,
      "('diurnal', 'high')": 1.4972370484059818,
      "('nocturnal', 'low')": 1.1529287614978339,
      "('nocturnal', 'high')": 1.057927975086645
    }
  },
  "('Valle', '4')": {
    "lo": {
      "('diurnal', 'low')": -2.0697646778738816,
      "('diurnal', 'high')": -2.0381352659163117,
      "('nocturnal', 'low')": -1.5350886530279784,
      "('nocturnal', 'high')": -1.4660931912831434
    },
    "hi": {
      "('diurnal', 'low')": 0.8947285667411015,
      "('diurnal', 'high')": 1.5653406039563267,
      "('nocturnal', 'low')": 0.442823193099251,
      "('nocturnal', 'high')": 0.8096342523206883
    }
  },
  "('Valle', '5')": {
    "lo": {
      "('diurnal', 'low')": -1.228547863393308,
      "('diurnal', 'high')": -1.254315279742789,
      "('nocturnal', 'low')": -1.289799688456278,
      "('nocturnal', 'high')": -1.4137396635863992
    },
    "hi": {
      "('diurnal', 'low')": 1.2711802367234368,
      "('diurnal', 'high')": 1.867587288320557,
      "('nocturnal', 'low')": 0.9181748611008109,
      "('nocturnal', 'high')": 1.1107786196295675
    }
  },
  "('Cordillera', '1')": {
    "lo": {
      "('diurnal', 'low')": -1.0719922062094602,
      "('diurnal', 'high')": -1.075150248864783,
      "('nocturnal', 'low')": -1.0066232326716895,
      "('nocturnal', 'high')": -0.9738911354498481
    },
    "hi": {
      "('diurnal', 'low')": 1.1396146687306896,
      "('diurnal', 'high')": 1.7265606987813422,
      "('nocturnal', 'low')": 0.9065328604073666,
      "('nocturnal', 'high')": 1.206661824072675
    }
  },
  "('Cordillera', '2')": {
    "lo": {
      "('diurnal', 'low')": -0.7068485445524116,
      "('diurnal', 'high')": -0.8671929986995537,
      "('nocturnal', 'low')": -0.8046735118004279,
      "('nocturnal', 'high')": -0.8758330937539264
    },
    "hi": {
      "('diurnal', 'low')": 1.7923390833188195,
      "('diurnal', 'high')": 2.12141037657898,
      "('nocturnal', 'low')": 1.2623425772597527,
      "('nocturnal', 'high')": 1.468008732821644
    }
  }
}