{
  "('Costa', '1')": {
    "lo": {
      "('diurnal', 'low')": -1.79689472795734,
      "('diurnal', 'high')": -1.6086695833826712,
      "('nocturnal', 'low')": -1.3599447834077596,
      "('nocturnal', 'high')": -0.8781077475382136
    },
    "hi": {
      "('diurnal', 'low')": 1.0955081993143283,
      "('diurnal', 'high')": 1.7611847800270297,
      "('nocturnal', 'low')": 0.993364605923196,
      "('nocturnal', 'high')": 1.5590088590844227
    }
  },
  "('Costa', '2')": {
    "lo": {
      "('diurnal', 'low')": -0.8406251814525205,
      "('diurnal', 'high')": -0.8116612502082488,
      "('nocturnal', 'low')": -0.7217245651431278,
      "('nocturnal', 'high')": -0.833579675277214
    },
    "hi": {
      "('diurnal', 'low')": 1.4425467459026236,
      "('diurnal', 'high')": 2.0444502153552557,
      "('nocturnal', 'low')": 1.2655464477841192,
      "('nocturnal', 'high')": 1.4881716156974023
    }
  },
  "('Costa', '3')": {
    "lo": {
      "('diurnal', 'low')": -0.8418640061987097,
      "('diurnal', 'high')": -0.9623359517325003,
      "('nocturnal', 'low')": -0.7491935718682041,
      "('nocturnal', 'high')": -0.7942356097903963
    },
    "hi": {
      "('diurnal', 'low')": 1.5563718158894477,
      "('diurnal', 'high')": 1.9917036101709136,
      "('nocturnal', 'low')": 1.1097094771725975,
      "('nocturnal', 'high')": 1.4455946720493595
    }
  },
  "('Costa', '5')": {
    "lo": {
      "('diurnal', 'low')": -0.9472380567477244,
      "('diurnal', 'high')": -0.8674650169922535,
      "('nocturnal', 'low')": -0.8083828704108666,
      "('nocturnal', 'high')": -0.7549347394807695
    },
    "hi": {
      "('diurnal', 'low')": 1.3530201848661858,
      "('diurnal', 'high')": 2.0887691067826286,
      "('nocturnal', 'low')": 1.1240039831490658,
      "('nocturnal', 'high')": 1.479019750935262
    }
  },
  "('Valle', '1')": {
    "lo": {
      "('diurnal', 'low')": -1.704398394970685,
      "('diurnal', 'high')": -1.9725755150240212,
      "('nocturnal', 'low')": -1.8041059600892781,
      "('nocturnal', 'high')": -1.8721459568867953
    },
    "hi": {
      "('diurnal', 'low')": 1.0434480790986664,
      "('diurnal', 'high')": 1.273335961853006,
      "('nocturnal', 'low')": 0.6781607527810825,
      "('nocturnal', 'high')": 0.7317990631636162
    }
  },
  "('Valle', '2')": {
    "lo": {
      "('diurnal', 'low')": -1.326186358734828,
      "('diurnal', 'high')": -1.5148391526182003,
      "('nocturnal', 'low')": -1.3169810829001494,
      "('nocturnal', 'high')": -1.5969658834050768
    },
    "hi": {
      "('diurnal', 'low')": 1.2255386378009738,
      "('diurnal', 'high')": 1.600987006040592,
      "('nocturnal', 'low')": 1.142909776343308,
      "('nocturnal', 'high')": 1.067302080882623
    }
  },
  "('Valle', '3')": {
    "lo": {
      "('diurnal', 'low')": -1.4314021516782018,
      "('diurnal', 'high')": -1.60645505066545,
      "('nocturnal', 'low')": -1.0833396387139511,
      "('nocturnal', 'high')": -1.299825522888494
    },
    "hi": {
      "('diurnal', 'low')": 0.9780921871820533,
      "('diurnal', 'high')": 1.4832241404393622,
      "('nocturnal', 'low')": 0.9870302987323409,
      "('nocturnal', 'high')": 1.146524303834752
    }
  },
  "('Valle', '4')": {
    "lo": {
      "('diurnal', 'low')": -2.0697646778738816,
      "('diurnal', 'high')": -2.0381352659163117,
      "('nocturnal', 'low')": -1.5350886530279784,
      "('nocturnal', 'high')": -1.4660931912831434
    },
    "hi": {
      "('diurnal', 'low')": 0.8947285667411015,
      "('diurnal', 'high')": 1.5653406039563267,
      "('nocturnal', 'low')": 0.442823193099251,
      "('nocturnal', 'high')": 0.8096342523206883
    }
  },
  "('Valle', '5')": {
    "lo": {
      "('diurnal', 'low')": -1.2318208783413678,
      "('diurnal', 'high')": -1.254315279742789,
      "('nocturnal', 'low')": -1.289799688456278,
      "('nocturnal', 'high')": -1.4137396635863992
    },
    "hi": {
      "('diurnal', 'low')": 1.2711802367234368,
      "('diurnal', 'high')": 1.8671909439900825,
      "('nocturnal', 'low')": 0.9181748611008109,
      "('nocturnal', 'high')": 1.1107786196295675
    }
  },
  "('Cordillera', '1')": {
    "lo": {
      "('diurnal', 'low')": -1.0577917810198632,
      "('diurnal', 'high')": -1.0557142374961197,
      "('nocturnal', 'low')": -1.0267411616758038,
      "('nocturnal', 'high')": -0.9842142672373104
    },
    "hi": {
      "('diurnal', 'low')": 1.1874511288372174,
      "('diurnal', 'high')": 1.7516356833237419,
      "('nocturnal', 'low')": 0.8550375647910062,
      "('nocturnal', 'high')": 1.2204405034134749
    }
  },
  "('Cordillera', '2')": {
    "lo": {
      "('diurnal', 'low')": -0.691980323133571,
      "('diurnal', 'high')": -0.8139856860430145,
      "('nocturnal', 'low')": -0.7621266242180987,
      "('nocturnal', 'high')": -0.8460940950299146
    },
    "hi": {
      "('diurnal', 'low')": 1.8338162205494482,
      "('diurnal', 'high')": 2.1732401499288296,
      "('nocturnal', 'low')": 1.2709716625515752,
      "('nocturnal', 'high')": 1.4931335538906612
    }
  }
}